date,spx,spx_timestamp,spx_n_bars,vix,vix_timestamp,vix_n_bars,vix3m,vix3m_timestamp,vix3m_n_bars,vix6m,vix6m_timestamp,vix6m_n_bars,spx_log_return,sq_log_return,iv_1m,iv_3m,iv_6m,rv_1m,rv_1m_end_date,rv_1m_n_returns,rv_3m,rv_3m_end_date,rv_3m_n_returns,rv_6m,rv_6m_end_date,rv_6m_n_returns,vrp_1m,vrp_3m,vrp_6m,iv_slope_3m_1m,iv_slope_6m_3m,vrp_slope_3m_1m,vrp_slope_6m_3m,slope_3m_1m,slope_6m_3m,slope_6m_1m,year,vix_regime
2014-06-30,1960.02,2014-06-30 16:00:00,391,11.67,2014-06-30 16:00:00,390,12.95,2014-06-30 16:00:00,390,14.71,2014-06-30 16:00:00,390,-0.0004896710120796,2.397777000711101e-07,0.01361889,0.01677025,0.02163841,0.0064997165519596,2014-07-30,21.0,0.009270387353878,2014-10-01,65.0,0.0142772548980871,2014-12-31,128.0,0.0071191734480403,0.0074998626461219,0.0073611551019128,0.00315136,0.00486816,0.0003806891980816,-0.0001387075442091,0.00038068919808160063,-0.0001387075442091006,0.00024198165387250004,2014,Q1 lowest
2014-07-31,1930.76,2014-07-31 16:00:00,391,17.09,2014-07-31 16:00:00,390,16.48,2014-07-31 16:00:00,390,17.17,2014-07-31 16:00:00,390,-0.0202061256547128,0.000408287513974,0.02920681,0.02715904,0.02948089,0.0062148808079347,2014-09-02,22.0,0.0159989559641882,2014-11-03,66.0,0.0172257898601469,2015-02-02,127.0,0.0229919291920652,0.0111600840358117,0.012255100139853,-0.0020477699999999,0.00232185,-0.0118318451562535,0.0010950161040412,-0.011831845156253499,0.0010950161040413006,-0.010736829052212198,2014,Q3
2014-08-29,2003.29,2014-08-29 16:00:00,391,12.15,2014-08-29 16:00:00,390,14.26,2014-08-29 16:00:00,390,16.0,2014-08-29 16:00:00,390,0.003209874361156,1.0303293414406884e-05,0.01476225,0.02033476,0.0256,0.0089659177603403,2014-09-29,20.0,0.015138178368164,2014-12-01,64.0,0.0177599565964257,2015-03-02,125.0,0.0057963322396596,0.0051965816318359,0.0078400434035742,0.00557251,0.00526524,-0.0005997506078237,0.0026434617717383,-0.0005997506078236998,0.0026434617717382997,0.0020437111639146,2014,Q1 lowest
2014-09-30,1972.44,2014-09-30 16:00:00,391,16.2,2014-09-30 16:00:00,390,17.04,2014-09-30 16:00:00,390,18.21,2014-09-30 16:00:00,390,-0.0027390411247311,7.50234628296865e-06,0.026244,0.02903616,0.03316041,0.0320497293223273,2014-10-30,22.0,0.0195428446967037,2015-01-02,65.0,0.0194200813494551,2015-04-02,127.0,-0.0058057293223273,0.0094933153032962,0.0137403286505448,0.0027921599999999,0.00412425,0.0152990446256236,0.0042470133472485,0.015299044625623499,0.0042470133472486005,0.0195460579728721,2014,Q3
2014-10-31,2017.56,2014-10-31 16:00:00,391,14.03,2014-10-31 16:00:00,390,16.46,2014-10-31 16:00:00,390,18.14,2014-10-31 16:00:00,390,0.0114403179870887,0.0001308808756457,0.0196840899999999,0.0270931599999999,0.03290596,0.0024779221669234,2014-12-01,20.0,0.0182539453999759,2015-02-02,62.0,0.0151869291674914,2015-05-04,125.0,0.0172061678330765,0.008839214600024,0.0177190308325085,0.00740907,0.0058128,-0.0083669532330525,0.0088798162324845,-0.0083669532330525,0.008879816232484499,0.0005128629994319983,2014,Q2
2014-11-28,2067.56,2014-11-28 13:47:00,231,13.33,2014-11-28 13:14:00,224,15.93,2014-11-28 13:14:00,224,17.94,2014-11-28 13:14:00,224,-0.0025167089337974,6.333823857456019e-06,0.01776889,0.0253764899999999,0.03218436,0.0230554382357443,2014-12-29,20.0,0.0203696432717946,2015-03-02,62.0,0.0164101008872349,2015-06-01,125.0,-0.0052865482357443,0.0050068467282053,0.015774259112765,0.0076075999999999,0.00680787,0.0102933949639497,0.0107674123845596,0.0102933949639496,0.0107674123845597,0.021060807348509302,2014,Q2
2014-12-31,2058.9,2014-12-31 16:00:00,391,19.17,2014-12-31 16:00:00,390,20.16,2014-12-31 16:00:00,390,20.71,2014-12-31 16:00:00,390,-0.0103594822927449,0.0001073188733736,0.03674889,0.04064256,0.04289041,0.0279273371258419,2015-01-30,20.0,0.0188651797201804,2015-04-06,64.0,0.0144927287904413,2015-07-06,127.0,0.0088215528741581,0.0217773802798195,0.0283976812095586,0.0038936699999999,0.00224785,0.0129558274056614,0.0066203009297391,0.0129558274056614,0.006620300929739101,0.0195761283354005,2014,Q4
2015-01-30,1995.24,2015-01-30 16:00:00,391,22.01,2015-01-30 16:00:00,390,22.54,2015-01-30 16:00:00,390,22.17,2015-01-30 16:00:00,390,-0.0130210497216475,0.0001695477358536,0.04844401,0.0508051599999999,0.04915089,0.0104993715704978,2015-03-02,20.0,0.0126194371096438,2015-05-04,64.0,0.0122738613782251,2015-08-03,127.0,0.0379446384295021,0.0381857228903561,0.0368770286217748,0.0023611499999999,-0.0016542699999999,0.000241084460854,-0.0013086942685813,0.00024108446085399637,-0.0013086942685813022,-0.0010676098077273058,2015,Q4
2015-02-27,2104.48,2015-02-27 16:00:00,391,13.5,2015-02-27 16:00:00,390,17.05,2015-02-27 16:00:00,390,18.44,2015-02-27 16:00:00,390,-0.0029844040892367,8.906667767852985e-06,0.018225,0.02907025,0.03400336,0.0195468643010556,2015-03-30,21.0,0.0124615433696402,2015-06-01,64.0,0.0221460806763414,2015-08-31,128.0,-0.0013218643010556,0.0166087066303597,0.0118572793236585,0.01084525,0.0049331099999999,0.0179305709314153,-0.0047514273067011,0.0179305709314153,-0.0047514273067012,0.013179143624714099,2015,Q2
2015-03-31,2068.03,2015-03-31 16:00:00,391,15.44,2015-03-31 16:00:00,390,17.59,2015-03-31 16:00:00,390,19.13,2015-03-31 16:00:00,390,-0.008742972533183,7.643956871599253e-05,0.0238393599999999,0.03094081,0.03659569,0.0069296051202528,2015-04-30,21.0,0.0099696837023352,2015-07-02,65.0,0.0267801531229685,2015-10-01,128.0,0.0169097548797471,0.0209711262976647,0.0098155368770314,0.00710145,0.00565488,0.0040613714179176,-0.0111555894206332,0.004061371417917601,-0.011155589420633301,-0.0070942180027157,2015,Q3
2015-04-30,2085.48,2015-04-30 16:00:00,391,14.62,2015-04-30 16:00:00,390,16.51,2015-04-30 16:00:00,390,18.3,2015-04-30 16:00:00,390,-0.0101711640445915,0.0001034525780219,0.0213744399999999,0.02725801,0.033489,0.010584292690146,2015-06-01,21.0,0.0120418212625323,2015-08-03,65.0,0.0288230143267658,2015-11-02,129.0,0.0107901473098539,0.0152161887374676,0.0046659856732341,0.00588357,0.0062309899999999,0.0044260414276137,-0.0105502030642334,0.0044260414276137,-0.0105502030642335,-0.0061241616366198,2015,Q2
2015-05-29,2107.44,2015-05-29 16:00:00,391,14.15,2015-05-29 16:00:00,390,15.5,2015-05-29 16:00:00,390,17.43,2015-05-29 16:00:00,390,-0.0063571561580089,4.041343441731122e-05,0.02002225,0.024025,0.03038049,0.0127033784770906,2015-06-29,21.0,0.0313571737047934,2015-08-31,65.0,0.0292239073496654,2015-11-30,128.0,0.0073188715229093,-0.0073321737047934,0.0011565826503345,0.0040027499999999,0.00635549,-0.0146510452277027,0.0084887563551279,-0.0146510452277027,0.0084887563551279,-0.006162288872574801,2015,Q2
2015-06-30,2062.9,2015-06-30 16:00:00,391,18.55,2015-06-30 16:00:00,390,18.39,2015-06-30 16:00:00,390,19.02,2015-06-30 16:00:00,390,0.0025287654323023,6.394654611607358e-06,0.0344102499999999,0.03381921,0.03617604,0.0137947696379894,2015-07-30,21.0,0.0429652628405755,2015-10-01,65.0,0.0326746621989382,2015-12-31,128.0,0.0206154803620105,-0.0091460528405755,0.0035013778010617,-0.0005910399999999,0.0023568299999999,-0.0297615332025861,0.0126474306416372,-0.029761533202586,0.0126474306416372,-0.0171141025609488,2015,Q4
2015-07-31,2104.36,2015-07-31 16:00:00,391,12.18,2015-07-31 16:00:00,390,14.91,2015-07-31 16:00:00,390,16.42,2015-07-31 16:00:00,390,-0.0020839719773713,4.342939202469184e-06,0.0148352399999999,0.02223081,0.02696164,0.0704309193692258,2015-08-31,21.0,0.0451967454999806,2015-11-02,65.0,0.0394781021407808,2016-02-01,126.0,-0.0555956793692258,-0.0229659354999806,-0.0125164621407808,0.00739557,0.00473083,0.0326297438692452,0.0104494733591997,0.0326297438692452,0.0104494733591998,0.043079217228445,2015,Q1 lowest
2015-08-31,1972.19,2015-08-31 16:00:00,391,28.41,2015-08-31 16:00:00,390,26.42,2015-08-31 16:00:00,390,25.27,2015-08-31 16:00:00,390,-0.0082812444642416,6.857900987653281e-05,0.08071281,0.06980164,0.0638572899999999,0.0486531370946095,2015-09-30,21.0,0.027073304516556,2015-12-02,65.0,0.0340823410270785,2016-03-02,126.0,0.0320596729053904,0.0427283354834439,0.0297749489729214,-0.01091117,-0.00594435,0.0106686625780534,-0.0129533865105224,0.010668662578053503,-0.012953386510522504,-0.0022847239324690002,2015,Q5 highest
2015-09-30,1919.59,2015-09-30 16:00:00,391,24.34,2015-09-30 16:00:00,390,24.62,2015-09-30 16:00:00,390,24.0,2015-09-30 16:00:00,390,0.0187356770634793,0.0003510255950269,0.05924356,0.06061444,0.0576,0.0182931546065307,2015-10-30,22.0,0.0222898153294432,2016-01-04,65.0,0.0274107485665852,2016-04-01,126.0,0.0409504053934692,0.0383246246705567,0.0301892514334147,0.0013708799999999,-0.00301444,-0.0026257807229124,-0.008135373237142,-0.002625780722912495,-0.008135373237142002,-0.010761153960054497,2015,Q5 highest
2015-10-30,2079.44,2015-10-30 16:00:00,391,15.25,2015-10-30 16:00:00,390,18.26,2015-10-30 16:00:00,390,19.92,2015-10-30 16:00:00,390,-0.004763958434351,2.2695299964224357e-05,0.02325625,0.03334276,0.03968064,0.0139139284807561,2015-11-30,20.0,0.0334036497202285,2016-02-01,62.0,0.0260972891848002,2016-05-02,125.0,0.0093423215192438,-6.088972022855188e-05,0.0135833508151997,0.01008651,0.0063378799999999,-0.0094032112394723,0.0136442405354283,-0.009403211239472352,0.013644240535428252,0.004241029295955901,2015,Q3
2015-11-30,2080.84,2015-11-30 16:00:00,391,16.23,2015-11-30 16:00:00,390,18.59,2015-11-30 16:00:00,390,20.17,2015-11-30 16:00:00,390,-0.0044450378275112,1.9758361288006368e-05,0.02634129,0.03455881,0.04068289,0.0327267740276715,2015-12-30,21.0,0.0411417638010523,2016-03-02,63.0,0.0255360756780166,2016-06-01,126.0,-0.0063854840276715,-0.0065829538010523,0.0151468143219834,0.00821752,0.00612408,-0.0001974697733807,0.0217297681230357,-0.00019746977338079997,0.0217297681230357,0.0215322983496549,2015,Q3
2015-12-31,2043.76,2015-12-31 16:00:00,391,18.59,2015-12-31 16:00:00,390,20.19,2015-12-31 16:00:00,390,21.14,2015-12-31 16:00:00,390,-0.0095153941912304,9.054272661450264e-05,0.03455881,0.04076361,0.04468996,0.0541334345675545,2016-02-01,20.0,0.032788509876113,2016-04-04,63.0,0.025587574712592,2016-07-05,127.0,-0.0195746245675545,0.007975100123887,0.0191023852874079,0.0062048,0.0039263499999999,0.0275497246914415,0.0111272851635209,0.0275497246914415,0.011127285163520899,0.0386770098549624,2015,Q4
2016-01-29,1939.46,2016-01-29 16:00:00,391,20.18,2016-01-29 16:00:00,390,22.23,2016-01-29 16:00:00,390,22.85,2016-01-29 16:00:00,390,0.0241516289431567,0.0005833011806079,0.04072324,0.0494172899999999,0.05221225,0.0327400713138364,2016-02-29,20.0,0.018611564352654,2016-05-02,64.0,0.0179018548103332,2016-08-01,127.0,0.0079831686861636,0.0308057256473459,0.0343103951896668,0.0086940499999999,0.00279496,0.0228225569611823,0.0035046695423208,0.0228225569611823,0.003504669542320895,0.026327226503503196,2016,Q4
2016-02-29,1932.03,2016-02-29 16:00:00,391,20.63,2016-02-29 16:00:00,390,22.44,2016-02-29 16:00:00,390,22.93,2016-02-29 16:00:00,390,-0.0082268081168617,6.768037179166163e-05,0.0425596899999999,0.05035536,0.05257849,0.014960225409265,2016-03-30,21.0,0.011846179219051,2016-06-01,65.0,0.0130794471681714,2016-08-31,129.0,0.0275994645907349,0.0385091807809489,0.0394990428318285,0.00779567,0.0022231299999999,0.010909716190214,0.0009898620508795,0.010909716190214,0.0009898620508796002,0.011899578241093601,2016,Q4
2016-03-31,2059.73,2016-03-31 16:00:00,391,14.04,2016-03-31 16:00:00,390,17.13,2016-03-31 16:00:00,390,19.05,2016-03-31 16:00:00,390,-0.0020854761472381,4.349210760699139e-06,0.01971216,0.0293436899999999,0.03629025,0.0100489980721304,2016-05-02,22.0,0.0181347937771077,2016-07-05,66.0,0.0139196646883966,2016-10-03,129.0,0.0096631619278695,0.0112088962228922,0.0223705853116033,0.0096315299999999,0.00694656,0.0015457342950226,0.0111616890887111,0.0015457342950227007,0.0111616890887111,0.0127074233837338,2016,Q2
2016-04-29,2065.42,2016-04-29 16:00:00,391,15.67,2016-04-29 16:00:00,750,18.47,2016-04-29 16:00:00,390,20.26,2016-04-29 16:00:00,390,-0.0050997357832705,2.6007305059170372e-05,0.02455489,0.0341140899999999,0.04104676,0.0118246740404433,2016-05-31,21.0,0.0171460253289955,2016-08-01,64.0,0.0131105786651462,2016-10-31,128.0,0.0127302159595566,0.0169680646710044,0.0279361813348537,0.0095591999999999,0.00693267,0.0042378487114478,0.0109681166638492,0.004237848711447799,0.010968116663849302,0.0152059653752971,2016,Q3
2016-05-31,2096.98,2016-05-31 16:00:00,391,14.51,2016-05-31 16:00:00,750,16.77,2016-05-31 16:00:00,390,19.11,2016-05-31 16:00:00,390,-0.0009151835295622,8.375608927819974e-07,0.02105401,0.0281232899999999,0.0365192099999999,0.0331689288557845,2016-06-30,22.0,0.013902159864126,2016-09-01,66.0,0.0129240415403474,2016-12-01,129.0,-0.0121149188557844,0.0142211301358739,0.0235951684596525,0.0070692799999999,0.00839592,0.0263360489916584,0.0093740383237785,0.026336048991658298,0.0093740383237786,0.0357100873154369,2016,Q2
2016-06-30,2098.87,2016-06-30 16:00:00,391,16.01,2016-06-30 16:00:00,750,18.14,2016-06-30 16:00:00,390,19.91,2016-06-30 16:00:00,390,0.0135461958671239,0.0001834994224704,0.02563201,0.03290596,0.03964081,0.0056814776847211,2016-08-01,21.0,0.0094072980961997,2016-10-03,65.0,0.0084501353585772,2017-01-03,128.0,0.0199505323152788,0.0234986619038002,0.0311906746414227,0.0072739499999999,0.0067348499999999,0.0035481295885214,0.0076920127376224,0.003548129588521399,0.007692012737622503,0.011240142326143902,2016,Q3
2016-07-29,2173.48,2016-07-29 16:00:00,391,12.03,2016-07-29 16:00:00,750,15.49,2016-07-29 16:00:00,390,17.92,2016-07-29 16:00:00,390,0.0015839690938383,2.5089580902352294e-06,0.0144720899999999,0.02399401,0.03211264,0.0031634826336822,2016-08-29,21.0,0.0089414604944806,2016-10-31,65.0,0.0081646304213246,2017-01-30,126.0,0.0113086073663177,0.0150525495055194,0.0239480095786753,0.00952192,0.00811863,0.0037439421392016,0.0088954600731559,0.0037439421392017006,0.0088954600731559,0.012639402212357601,2016,Q1 lowest
2016-08-31,2170.84,2016-08-31 16:00:00,391,13.48,2016-08-31 16:00:00,750,16.18,2016-08-31 16:00:00,390,18.53,2016-08-31 16:00:00,390,-0.0024430710174642,5.968595996373815e-06,0.01817104,0.02617924,0.03433609,0.0200460929216039,2016-09-30,21.0,0.0115339188022837,2016-12-02,65.0,0.0084889766740254,2017-03-03,126.0,-0.0018750529216039,0.0146453211977162,0.0258471133259745,0.0080082,0.00815685,0.0165203741193201,0.0112017921282583,0.0165203741193201,0.011201792128258298,0.027722166247578398,2016,Q2
2016-09-30,2168.09,2016-09-30 16:00:00,391,13.23,2016-09-30 16:00:00,750,16.33,2016-09-30 16:00:00,390,18.45,2016-09-30 16:00:00,390,0.0078579588958128,6.174751800828479e-05,0.01750329,0.0266668899999999,0.03404025,0.0043488546033716,2016-10-31,21.0,0.0073878717672895,2017-01-03,64.0,0.0058580058023761,2017-04-03,126.0,0.0131544353966283,0.0192790182327104,0.0281822441976239,0.0091635999999999,0.00737336,0.006124582836082,0.0089032259649134,0.006124582836082101,0.008903225964913497,0.015027808800995598,2016,Q2
2016-10-31,2126.23,2016-10-31 16:00:00,391,17.24,2016-10-31 16:00:00,750,17.92,2016-10-31 16:00:00,390,19.35,2016-10-31 16:00:00,390,-0.0001128694712791,1.2739517546844612e-08,0.02972176,0.03211264,0.03744225,0.0111441252035202,2016-11-30,21.0,0.0071065365942837,2017-02-01,63.0,0.0059141797519141,2017-05-03,126.0,0.0185776347964797,0.0250061034057162,0.0315280702480858,0.00239088,0.0053296099999999,0.0064284686092364,0.0065219668423695,0.006428468609236498,0.006521966842369602,0.0129504354516061,2016,Q3
2016-11-30,2199.08,2016-11-30 16:00:00,391,13.35,2016-11-30 16:00:00,750,16.06,2016-11-30 16:00:00,390,18.22,2016-11-30 16:00:00,390,-0.0025795683538192,6.654172892025927e-06,0.01782225,0.0257923599999999,0.03319684,0.0062117999686714,2016-12-30,21.0,0.0051315957718856,2017-03-03,63.0,0.0051862713230199,2017-06-02,126.0,0.0116104500313285,0.0206607642281143,0.02801056867698,0.0079701099999999,0.00740448,0.0090503141967858,0.0073498044488656,0.0090503141967858,0.0073498044488656995,0.0164001186456515,2016,Q2
2016-12-30,2239.2,2016-12-30 16:00:00,391,14.15,2016-12-30 16:00:00,750,16.6,2016-12-30 16:00:00,390,18.61,2016-12-30 16:00:00,390,-0.0045315177899032,2.0534653480209808e-05,0.02002225,0.027556,0.03463321,0.004372319596297,2017-01-30,19.0,0.0044810850128977,2017-04-03,63.0,0.0048936294619962,2017-07-03,126.0,0.0156499304037029,0.0230749149871022,0.0297395805380037,0.0075337499999999,0.0070772099999999,0.0074249845833992,0.0066646655509014,0.0074249845833993,0.006664665550901498,0.014089650134300798,2016,Q2
2017-01-31,2278.92,2017-01-31 16:00:00,391,11.97,2017-01-31 16:00:00,750,14.46,2017-01-31 16:00:00,390,16.68,2017-01-31 16:00:00,390,-0.0007719975819854,5.959802665913106e-07,0.01432809,0.02090916,0.02782224,0.0052172275267249,2017-03-02,21.0,0.0045784340481146,2017-05-04,65.0,0.0046730710862064,2017-08-03,128.0,0.009110862473275,0.0163307259518853,0.0231491689137935,0.00658107,0.0069130799999999,0.0072198634786103,0.0068184429619081,0.007219863478610301,0.0068184429619082,0.0140383064405185,2017,Q1 lowest
2017-02-28,2363.87,2017-02-28 16:00:00,391,12.8,2017-02-28 16:00:00,750,15.24,2017-02-28 16:00:00,390,16.92,2017-02-28 16:00:00,390,-0.0024716982156374,6.10929206918513e-06,0.016384,0.02322576,0.02862864,0.0064461614373893,2017-03-30,22.0,0.0058678241207637,2017-06-01,65.0,0.005653544439856,2017-08-31,129.0,0.0099378385626106,0.0173579358792362,0.0229750955601439,0.00684176,0.00540288,0.0074200973166256,0.0056171596809077,0.0074200973166255995,0.005617159680907702,0.013037256997533301,2017,Q1 lowest
2017-03-31,2362.69,2017-03-31 16:00:00,391,12.29,2017-03-31 16:00:00,750,13.58,2017-03-31 16:00:00,390,15.24,2017-03-31 16:00:00,390,-0.002270254106194,5.154053706690981e-06,0.0151044099999999,0.01844164,0.02322576,0.00492085680882,2017-05-01,20.0,0.0052334666598403,2017-07-03,64.0,0.0051439785618211,2017-10-02,127.0,0.0101835531911799,0.0132081733401596,0.0180817814381788,0.00333723,0.0047841199999999,0.0030246201489796,0.0048736080980192,0.0030246201489797005,0.0048736080980192,0.0078982282469989,2017,Q1 lowest
2017-04-28,2384.13,2017-04-28 16:00:00,391,10.84,2017-04-28 16:00:00,750,12.94,2017-04-28 16:00:00,390,14.76,2017-04-28 16:00:00,390,-0.0019819867832924,3.928271609146129e-06,0.0117505599999999,0.0167443599999999,0.02178576,0.0060242899638843,2017-05-30,21.0,0.0046826019953955,2017-07-31,64.0,0.0047375697943438,2017-10-30,128.0,0.0057262700361156,0.0120617580046044,0.0170481902056561,0.0049937999999999,0.0050414,0.0063354879684888,0.0049864322010517,0.0063354879684888,0.0049864322010517,0.0113219201695405,2017,Q1 lowest
2017-05-31,2411.73,2017-05-31 16:00:00,391,10.62,2017-05-31 16:00:00,750,12.74,2017-05-31 16:00:00,390,15.03,2017-05-31 16:00:00,390,-0.0004933000421302,2.43344931565698e-07,0.0112784399999999,0.01623076,0.0225900899999999,0.0049822078631794,2017-06-30,22.0,0.0055035125998162,2017-09-01,66.0,0.0044175659909688,2017-12-01,129.0,0.0062962321368205,0.0107272474001837,0.0181725240090311,0.00495232,0.0063593299999999,0.0044310152633632,0.0074452766088473,0.004431015263363199,0.007445276608847402,0.011876291872210601,2017,Q1 lowest
2017-06-30,2423.47,2017-06-30 16:00:00,391,11.06,2017-06-30 16:00:00,750,13.14,2017-06-30 16:00:00,390,14.85,2017-06-30 16:00:00,390,0.0015196378919096,2.3092993225275782e-06,0.01223236,0.01726596,0.02205225,0.003175327127552,2017-07-31,20.0,0.0049946450427863,2017-10-02,64.0,0.0042008000249161,2018-01-02,127.0,0.0090570328724479,0.0122713149572136,0.0178514499750838,0.0050336,0.0047862899999999,0.0032142820847657,0.0055801350178702,0.0032142820847657003,0.0055801350178702,0.0087944171026359,2017,Q1 lowest
2017-07-31,2470.45,2017-07-31 16:00:00,391,10.51,2017-07-31 16:00:00,750,12.6,2017-07-31 16:00:00,390,14.03,2017-07-31 16:00:00,390,-0.0006514908647411,4.244403468411894e-07,0.01104601,0.015876,0.0196840899999999,0.0082286354480943,2017-08-30,22.0,0.0046606118525465,2017-11-01,66.0,0.0050781728292639,2018-01-31,127.0,0.0028173745519056,0.0112153881474534,0.014605917170736,0.00482999,0.0038080899999999,0.0083980135955477,0.0033905290232826,0.0083980135955478,0.0033905290232825996,0.0117885426188304,2017,Q1 lowest
2017-08-31,2471.38,2017-08-31 16:00:00,391,10.67,2017-08-31 16:00:00,750,13.83,2017-08-31 16:00:00,390,15.47,2017-08-31 16:00:00,390,0.0056443336394066,3.185850223293774e-05,0.01138489,0.01912689,0.02393209,0.0031948770365003,2017-10-02,21.0,0.0032000110324124,2017-12-04,65.0,0.0152604060287562,2018-03-05,126.0,0.0081900129634996,0.0159268789675875,0.0086716839712437,0.007742,0.0048051999999999,0.0077368660040878,-0.0072551949963437,0.007736866004087902,-0.007255194996343802,0.0004816710077441,2017,Q1 lowest
2017-09-29,2519.05,2017-09-29 16:00:00,391,9.43,2017-09-29 16:00:00,750,12.52,2017-09-29 16:00:00,390,14.76,2017-09-29 16:00:00,390,0.0036030772479571,1.2982165654746407e-05,0.00889249,0.01567504,0.02178576,0.0026018338479398,2017-10-30,21.0,0.003404861960146,2018-01-02,64.0,0.0218643699645099,2018-04-02,125.0,0.0062906561520601,0.0122701780398539,-7.860996450992364e-05,0.00678255,0.00611072,0.0059795218877937,-0.0123487880043638,0.005979521887793799,-0.012348788004363823,-0.006369266116570024,2017,Q1 lowest
2017-10-31,2575.22,2017-10-31 16:00:00,391,10.17,2017-10-31 16:00:00,750,12.4,2017-10-31 16:00:00,390,14.62,2017-10-31 16:00:00,390,0.0009440541803437,8.912382954244928e-07,0.01034289,0.0153759999999999,0.0213744399999999,0.0042306949092146,2017-11-30,21.0,0.0053671403740052,2018-02-01,63.0,0.025116132101389,2018-05-03,126.0,0.0061121950907853,0.0100088596259947,-0.003741692101389,0.0050331099999999,0.0059984399999999,0.0038966645352094,-0.0137505517273837,0.0038966645352094004,-0.013750551727383702,-0.0098538871921743,2017,Q1 lowest
2017-11-30,2647.25,2017-11-30 16:00:00,391,11.34,2017-11-30 16:00:00,750,13.04,2017-11-30 16:00:00,390,15.15,2017-11-30 16:00:00,390,0.0080405492635126,6.465043245897363e-05,0.01285956,0.0170041599999999,0.02295225,0.0035334985475549,2018-01-02,21.0,0.0272393316020541,2018-03-05,63.0,0.0263924472777903,2018-06-04,126.0,0.009326061452445,-0.0102351716020541,-0.0034401972777903,0.0041445999999999,0.00594809,-0.0195612330544991,0.0067949743242637,-0.0195612330544991,0.0067949743242638,-0.0127662587302353,2017,Q1 lowest
2017-12-29,2675.3,2017-12-29 16:00:00,391,10.61,2017-12-29 16:00:00,750,12.85,2017-12-29 16:00:00,390,14.96,2017-12-29 16:00:00,390,-0.004531265037158,2.053236283697125e-05,0.01125721,0.01651225,0.02238016,0.0084007329624413,2018-01-29,19.0,0.0408042254830653,2018-04-02,62.0,0.0269077657318159,2018-07-02,126.0,0.0028564770375586,-0.0242919754830653,-0.0045276057318159,0.0052550399999999,0.00586791,-0.0271484525206239,0.0197643697512494,-0.0271484525206239,0.0197643697512494,-0.0073840827693745,2017,Q1 lowest
2018-01-31,2824.17,2018-01-31 16:00:00,391,13.66,2018-01-31 16:00:00,750,15.09,2018-01-31 16:00:00,390,16.24,2018-01-31 16:00:00,390,0.0006056710116562,3.66837374360689e-07,0.01865956,0.02277081,0.0263737599999999,0.0683922459916654,2018-03-02,21.0,0.0441170677811197,2018-05-04,65.0,0.0263549481842641,2018-08-03,128.0,-0.0497326859916654,-0.0213462577811197,1.8811815735875204e-05,0.00411125,0.0036029499999999,0.0283864282105456,0.0213650695968556,0.0283864282105457,0.021365069596855576,0.049751497807401276,2018,Q2
2018-02-28,2713.68,2018-02-28 16:00:00,391,20.36,2018-02-28 16:00:00,750,20.06,2018-02-28 16:00:00,390,20.05,2018-02-28 16:00:00,390,-0.0111985222828138,0.0001254069013186,0.04145296,0.04024036,0.04020025,0.0435464298469896,2018-04-02,22.0,0.0259838094687694,2018-06-01,65.0,0.0162617784332237,2018-08-31,129.0,-0.0020934698469896,0.0142565505312305,0.0239384715667762,-0.0012126,-4.010999999999598e-05,0.0163500203782201,0.0096819210355457,0.0163500203782201,0.009681921035545701,0.026031941413765802,2018,Q4
2018-03-29,2641.9,2018-03-29 16:00:00,391,19.82,2018-03-29 16:00:00,750,20.37,2018-03-29 16:00:00,390,20.84,2018-03-29 16:00:00,390,0.0140695188438806,0.0001979513604983,0.03928324,0.04149369,0.04343056,0.0287883274933949,2018-04-30,21.0,0.0152971962214983,2018-07-02,65.0,0.0104240593678408,2018-10-01,128.0,0.010494912506605,0.0261964937785016,0.0330065006321591,0.00221045,0.0019368699999999,0.0157015812718965,0.0068100068536575,0.0157015812718966,0.006810006853657496,0.022511588125554097,2018,Q4
2018-04-30,2648.19,2018-04-30 16:00:00,391,16.05,2018-04-30 16:00:00,750,17.36,2018-04-30 16:00:00,390,18.38,2018-04-30 16:00:00,390,-0.0081945939808469,6.715137051093338e-05,0.02576025,0.03013696,0.03378244,0.0104286480223337,2018-05-30,21.0,0.0084801772845855,2018-08-01,65.0,0.0146652511052643,2018-10-31,129.0,0.0153316019776662,0.0216567827154144,0.0191171888947356,0.0043767099999999,0.0036454799999999,0.0063251807377481,-0.0025395938206787,0.006325180737748201,-0.0025395938206788024,0.0037855869170693984,2018,Q3
2018-05-31,2705.24,2018-05-31 16:00:00,391,15.51,2018-05-31 16:00:00,751,16.38,2018-05-31 16:00:00,390,17.55,2018-05-31 16:00:00,390,-0.0069364525140067,4.8114373479070486e-05,0.0240560099999999,0.02683044,0.03080025,0.0072107475659256,2018-07-02,22.0,0.006643440176463,2018-09-04,66.0,0.0186431041403942,2018-12-03,129.0,0.0168452624340743,0.0201869998235369,0.0121571458596057,0.00277443,0.00396981,0.0033417373894626,-0.0080298539639311,0.0033417373894625985,-0.008029853963931199,-0.0046881165744686,2018,Q3
2018-06-29,2718.66,2018-06-29 16:00:00,391,16.08,2018-06-29 16:00:00,750,17.2,2018-06-29 16:00:00,390,18.12,2018-06-29 16:00:00,390,0.0008390003141632,7.039215271659709e-07,0.0258566399999999,0.0295839999999999,0.03283344,0.0078732614619418,2018-07-30,20.0,0.0053436459765623,2018-10-01,64.0,0.0311155751162502,2018-12-31,126.0,0.0179833785380581,0.0242403540234376,0.0017178648837497,0.00372736,0.00324944,0.0062569754853795,-0.0225224891396879,0.006256975485379502,-0.0225224891396879,-0.016265513654308398,2018,Q3
2018-07-31,2816.17,2018-07-31 16:00:00,391,12.99,2018-07-31 16:00:00,750,14.96,2018-07-31 16:00:00,390,16.28,2018-07-31 16:00:00,390,0.0047981355155627,2.3022104425704717e-05,0.01687401,0.02238016,0.02650384,0.0053634582910136,2018-08-30,22.0,0.0207386915327184,2018-11-01,66.0,0.0358161576577787,2019-01-31,126.0,0.0115105517089863,0.0016414684672815,-0.0093123176577787,0.0055061499999999,0.0041236799999999,-0.0098690832417047,-0.0109537861250603,-0.0098690832417048,-0.0109537861250602,-0.020822869366765,2018,Q2
2018-08-31,2901.19,2018-08-31 16:00:00,391,13.06,2018-08-31 16:00:00,750,15.3,2018-08-31 16:00:00,390,16.54,2018-08-31 16:00:00,390,1.7234455814033397e-05,2.9702646720586955e-10,0.01705636,0.023409,0.02735716,0.0030365192846451,2018-10-01,20.0,0.0307358207604244,2018-12-03,64.0,0.0366389623513483,2019-03-04,124.0,0.0140198407153548,-0.0073268207604244,-0.0092818023513483,0.00635264,0.0039481599999999,-0.0213466614757793,-0.0019549815909239,-0.0213466614757792,-0.0019549815909239,-0.023301643066703098,2018,Q2
2018-09-28,2913.92,2018-09-28 16:00:00,391,12.33,2018-09-28 16:00:00,750,14.83,2018-09-28 16:00:00,390,16.07,2018-09-28 16:00:00,390,-7.892835882868344e-05,6.229685827389412e-09,0.01520289,0.0219928899999999,0.02582449,0.0512038550395986,2018-10-29,21.0,0.0568574295576501,2018-12-31,63.0,0.038269455351551,2019-04-01,125.0,-0.0360009650395986,-0.0348645395576501,-0.012444965351551,0.0067899999999999,0.0038316,0.0011364254819485,0.022419574206099,0.0011364254819484984,0.0224195742060991,0.0235559996880476,2018,Q1 lowest
2018-10-31,2711.59,2018-10-31 16:00:00,391,21.17,2018-10-31 16:00:00,750,21.17,2018-10-31 16:00:00,390,21.03,2018-10-31 16:00:00,390,0.0107449775025698,0.0001154545415307,0.04481689,0.04481689,0.04422609,0.0339260946236243,2018-11-30,21.0,0.0511629451462199,2019-02-01,62.0,0.0297237161932251,2019-05-03,125.0,0.0108907953763756,-0.0063460551462199,0.0145023738067749,0.0,-0.0005908,-0.0172368505225956,0.0208484289529948,-0.0172368505225955,0.0208484289529948,0.0036115784303992985,2018,Q4
2018-11-30,2759.14,2018-11-30 16:00:00,391,18.4,2018-11-30 16:00:00,750,19.25,2018-11-30 16:00:00,390,19.71,2018-11-30 16:00:00,390,0.0077460961193128,6.000200508963343e-05,0.033856,0.03705625,0.03884841,0.0896857086418245,2018-12-31,19.0,0.042753447342974,2019-03-04,61.0,0.027714297433143,2019-06-03,124.0,-0.0558297086418245,-0.005697197342974,0.0111341125668569,0.00320025,0.00179216,0.0501325112988505,0.0168313099098309,0.050132511298850504,0.0168313099098309,0.0669638212086814,2018,Q4
2018-12-31,2507.01,2018-12-31 16:00:00,391,25.86,2018-12-31 16:00:00,750,23.97,2018-12-31 16:00:00,390,23.06,2018-12-31 16:00:00,390,0.0085646594551711,7.335339158305221e-05,0.06687396,0.05745609,0.05317636,0.0368280917864751,2019-01-30,20.0,0.0187935019923857,2019-04-03,64.0,0.0159689298660135,2019-07-03,127.0,0.0300458682135248,0.0386625880076142,0.0372074301339864,-0.0094178699999999,-0.00427973,0.0086167197940893,-0.0014551578736277,0.0086167197940894,-0.0014551578736278006,0.0071615619204616,2018,Q5 highest
2019-01-31,2704.66,2019-01-31 16:00:00,391,16.7,2019-01-31 16:00:00,750,17.97,2019-01-31 16:00:00,390,18.55,2019-01-31 16:00:00,390,0.0086781892397541,7.531096848098498e-05,0.0278889999999999,0.03229209,0.0344102499999999,0.0070662678066684,2019-03-04,21.0,0.0084345045744197,2019-05-06,65.0,0.0129230053802418,2019-08-05,128.0,0.0208227321933315,0.0238575854255802,0.0214872446197581,0.00440309,0.0021181599999999,0.0030348532322487,-0.0023703408058221,0.0030348532322487,-0.0023703408058220986,0.0006645124264266014,2019,Q3
2019-02-28,2784.59,2019-02-28 16:00:00,391,15.04,2019-02-28 16:00:00,750,16.26,2019-02-28 16:00:00,390,17.04,2019-02-28 16:00:00,390,-0.0027793086837294,7.724556759453984e-06,0.0226201599999999,0.02643876,0.02903616,0.0142529641030006,2019-04-01,22.0,0.0129914733995256,2019-06-03,65.0,0.0181817915935541,2019-09-03,129.0,0.0083671958969993,0.0134472866004744,0.0108543684064458,0.0038186,0.0025973999999999,0.005080090703475,-0.0025929181940286,0.0050800907034751,-0.0025929181940286,0.0024871725094465,2019,Q3
2019-03-29,2834.38,2019-03-29 16:00:00,391,13.75,2019-03-29 16:00:00,750,15.82,2019-03-29 16:00:00,390,16.89,2019-03-29 16:00:00,390,0.006711767204326,4.504781900506671e-05,0.01890625,0.02502724,0.0285272099999999,0.0046354935017666,2019-04-29,20.0,0.0131693414807643,2019-07-01,64.0,0.017353105312217,2019-09-30,127.0,0.0142707564982333,0.0118578985192357,0.0111741046877829,0.00612099,0.0034999699999999,-0.0024128579789976,-0.0006837938314527,-0.002412857978997601,-0.0006837938314527992,-0.0030966518104504,2019,Q2
2019-04-30,2945.4,2019-04-30 16:00:00,391,13.18,2019-04-30 16:00:00,750,15.28,2019-04-30 16:00:00,390,16.47,2019-04-30 16:00:00,390,0.0008151620585891,6.644891817633133e-07,0.01737124,0.0233478399999999,0.0271260899999999,0.0202196612740398,2019-05-30,21.0,0.0139172157176709,2019-08-01,65.0,0.0192996001368699,2019-10-31,129.0,-0.0028484212740398,0.009430624282329,0.0078264898631299,0.0059765999999999,0.0037782499999999,0.0122790455563688,-0.001604134419199,0.0122790455563688,-0.001604134419199101,0.0106749111371697,2019,Q2
2019-05-31,2752.02,2019-05-31 16:00:00,391,18.69,2019-05-31 16:00:00,750,18.85,2019-05-31 16:00:00,390,19.16,2019-05-31 16:00:00,390,-0.0133048940588935,0.0001770202059183,0.03493161,0.03553225,0.0367105599999999,0.0133685026101671,2019-07-01,21.0,0.0231237829336398,2019-09-03,65.0,0.0165264058954997,2019-12-02,128.0,0.0215631073898328,0.0124084670663601,0.0201841541045002,0.0006006399999999,0.0011783099999999,-0.0091546403234727,0.0077756870381401,-0.009154640323472699,0.007775687038140099,-0.0013789532853326,2019,Q4
2019-06-28,2940.87,2019-06-28 16:00:00,391,15.55,2019-06-28 16:00:00,750,16.35,2019-06-28 16:00:00,390,17.2,2019-06-28 16:00:00,390,0.0055032872118379,3.0286170135979223e-05,0.02418025,0.02673225,0.0295839999999999,0.0059034210038214,2019-07-29,20.0,0.0215160016522477,2019-09-30,64.0,0.015399068618993,2019-12-30,127.0,0.0182768289961785,0.0052162483477522,0.0141849313810069,0.002552,0.0028517499999999,-0.0130605806484263,0.0089686830332546,-0.0130605806484263,0.0089686830332547,-0.0040918976151716,2019,Q3
2019-07-31,2980.14,2019-07-31 16:00:00,391,15.84,2019-07-31 16:00:00,750,16.84,2019-07-31 16:00:00,390,18.23,2019-07-31 16:00:00,390,-0.0110456325253952,0.000122005997886,0.0250905599999999,0.0283585599999999,0.03323329,0.0489477953697765,2019-08-30,22.0,0.0246729411207203,2019-11-01,66.0,0.0164884353170632,2020-01-31,127.0,-0.0238572353697765,0.0036856188792796,0.0167448546829367,0.003268,0.00487473,0.0275428542490562,0.013059235803657,0.027542854249056097,0.0130592358036571,0.0406020900527132,2019,Q3
2019-08-30,2925.65,2019-08-30 16:00:00,391,18.86,2019-08-30 16:00:00,750,19.52,2019-08-30 16:00:00,390,19.81,2019-08-30 16:00:00,390,0.0003692168883457,1.36321110639705e-07,0.03556996,0.0381030399999999,0.03924361,0.0074869264305049,2019-09-30,20.0,0.0097402095084048,2019-12-02,64.0,0.0221937471384065,2020-03-02,125.0,0.028083033569495,0.0283628304915951,0.0170498628615934,0.0025330799999999,0.00114057,0.0002797969221001,-0.0113129676300016,0.00027979692210009996,-0.0113129676300017,-0.0110331707079016,2019,Q4
2019-09-30,2976.73,2019-09-30 16:00:00,391,16.51,2019-09-30 16:00:00,750,18.15,2019-09-30 16:00:00,390,19.15,2019-09-30 16:00:00,390,0.0049707950870784,2.4708803797723474e-05,0.02725801,0.03294225,0.0366722499999999,0.0171059797160262,2019-10-30,22.0,0.0092130760366392,2020-01-02,65.0,0.1679546239574662,2020-04-01,127.0,0.0101520302839737,0.0237291739633607,-0.1312823739574662,0.0056842399999999,0.0037299999999999,0.013577143679387,-0.155011547920827,0.013577143679387,-0.1550115479208269,-0.1414344042414399,2019,Q3
2019-10-31,3037.64,2019-10-31 16:00:00,391,13.19,2019-10-31 16:00:00,750,15.98,2019-10-31 16:00:00,390,17.66,2019-10-31 16:00:00,390,-0.0030536281836935,9.324645084247828e-06,0.0173976099999999,0.02553604,0.03118756,0.0045215959816191,2019-12-02,21.0,0.0079739778207048,2020-02-03,63.0,0.1914421673187258,2020-05-04,126.0,0.0128760140183808,0.0175620621792951,-0.1602546073187258,0.00813843,0.00565152,0.0046860481609143,-0.177816669498021,0.004686048160914299,-0.17781666949802089,-0.17313062133710658,2019,Q2
2019-11-29,3140.98,2019-11-29 14:32:00,232,12.62,2019-11-29 13:14:00,584,15.51,2019-11-29 13:14:00,224,17.41,2019-11-29 13:14:00,224,-0.0040478553054296,1.638513257369511e-05,0.0159264399999999,0.0240560099999999,0.03031081,0.00617354995306,2019-12-30,20.0,0.0349886008690911,2020-03-02,62.0,0.1989064367900323,2020-06-01,125.0,0.0097528900469399,-0.0109325908690911,-0.1685956267900323,0.00812957,0.0062548,-0.020685480916031,-0.1576630359209412,-0.020685480916031,-0.1576630359209412,-0.1783485168369722,2019,Q1 lowest
2019-12-31,3230.38,2019-12-31 16:00:00,391,13.94,2019-12-31 16:00:00,750,15.95,2019-12-31 16:00:00,390,17.16,2019-12-31 16:00:00,390,0.0027837296990744,7.749151037509261e-06,0.01943236,0.02544025,0.02944656,0.0102655401218166,2020-01-30,20.0,0.3261817190829834,2020-04-02,64.0,0.2095524480018917,2020-07-02,127.0,0.0091668198781833,-0.3007414690829834,-0.1801058880018917,0.00600789,0.0040063099999999,-0.3099082889611667,0.1206355810810916,-0.3099082889611667,0.12063558108109168,-0.189272707880075,2019,Q2
2020-01-31,3225.04,2020-01-31 16:00:00,391,19.01,2020-01-31 16:00:00,750,18.72,2020-01-31 16:00:00,390,18.41,2020-01-31 16:00:00,390,-0.0179858918648426,0.0003234923061738,0.03613801,0.0350438399999999,0.03389281,0.0878519302584432,2020-03-02,20.0,0.3692648935617408,2020-05-04,64.0,0.2104725178801997,2020-08-03,127.0,-0.0517139202584432,-0.3342210535617408,-0.1765797078801997,-0.00109417,-0.0011510299999999,-0.2825071333032976,0.1576413456815411,-0.28250713330329763,0.15764134568154112,-0.12486578762175649,2020,Q4
2020-02-28,2954.21,2020-02-28 16:00:00,391,42.24,2020-02-28 16:00:00,750,32.03,2020-02-28 16:00:00,390,26.92,2020-02-28 16:00:00,390,-0.0081650444179983,6.666795034788603e-05,0.1784217599999999,0.10259209,0.07246864,0.8877341989351415,2020-03-30,21.0,0.3626057151293818,2020-06-01,64.0,0.2004581693540199,2020-08-31,128.0,-0.7093124389351415,-0.2600136251293817,-0.1279895293540199,-0.0758296699999999,-0.03012345,0.4492988138057597,0.1320240957753618,0.4492988138057598,0.1320240957753618,0.5813229095811216,2020,Q5 highest
2020-03-31,2584.47,2020-03-31 16:00:00,391,53.41,2020-03-31 16:00:00,750,48.06,2020-03-31 16:00:00,390,42.33,2020-03-31 16:00:00,390,-0.0161278961309179,0.0002601090336096,0.28526281,0.23097636,0.17918289,0.1656052863981989,2020-04-30,21.0,0.0980627722581796,2020-07-02,65.0,0.0641518376234245,2020-10-01,128.0,0.1196575236018011,0.1329135877418204,0.1150310523765754,-0.05428645,-0.05179347,0.0132560641400193,-0.0178825353652449,0.013256064140019314,-0.017882535365245006,-0.004626471225225692,2020,Q5 highest
2020-04-30,2911.97,2020-04-30 16:00:00,391,34.3,2020-04-30 16:00:00,750,35.17,2020-04-30 16:00:00,390,34.68,2020-04-30 16:00:00,390,-0.0094300822029204,8.892645035383714e-05,0.1176489999999999,0.12369289,0.12027024,0.0486232904671734,2020-06-01,21.0,0.0507699833931808,2020-08-03,65.0,0.044155908963269,2020-11-02,129.0,0.0690257095328265,0.0729229066068191,0.0761143310367309,0.00604389,-0.00342265,0.0038971970739926,0.0031914244299117,0.0038971970739926087,0.003191424429911799,0.007088621503904408,2020,Q5 highest
2020-05-29,3044.31,2020-05-29 16:00:00,391,27.65,2020-05-29 16:00:00,750,30.62,2020-05-29 16:00:00,390,32.14,2020-05-29 16:00:00,390,0.0048007678588045,2.304737203413057e-05,0.0764522499999999,0.09375844,0.10329796,0.0861383613901125,2020-06-29,21.0,0.0377755813075367,2020-08-31,65.0,0.0411035672381788,2020-11-30,128.0,-0.0096861113901126,0.0559828586924632,0.0621943927618211,0.01730619,0.0095395199999999,0.0656689700825758,0.0062115340693578,0.0656689700825758,0.006211534069357899,0.0718805041519337,2020,Q5 highest
2020-06-30,3100.06,2020-06-30 16:00:00,391,30.31,2020-06-30 16:00:00,750,32.81,2020-06-30 16:00:00,390,33.14,2020-06-30 16:00:00,390,0.0151952180751754,0.0002308946523521,0.0918696099999999,0.10764961,0.10982596,0.018475677545317,2020-07-30,21.0,0.0284473374768644,2020-10-01,65.0,0.0278456206822889,2020-12-31,128.0,0.0733939324546829,0.0792022725231355,0.081980339317711,0.01578,0.00217635,0.0058083400684525,0.0027780667945754,0.0058083400684526,0.0027780667945754983,0.008586406863028098,2020,Q5 highest
2020-07-31,3271.26,2020-07-31 16:00:00,391,23.78,2020-07-31 16:00:00,750,29.34,2020-07-31 16:00:00,390,31.26,2020-07-31 16:00:00,390,0.007625461373159,5.814766115354124e-05,0.05654884,0.08608356,0.0977187599999999,0.0088418716353541,2020-08-31,21.0,0.0370588084886059,2020-11-02,65.0,0.0297891639951279,2021-02-01,126.0,0.0477069683646458,0.049024751511394,0.067929596004872,0.02953472,0.0116351999999999,0.0013177831467481,0.018904844493478,0.0013177831467481999,0.018904844493478,0.0202226276402262,2020,Q5 highest
2020-08-31,3499.95,2020-08-31 16:00:00,391,26.41,2020-08-31 16:00:00,750,31.83,2020-08-31 16:00:00,390,32.21,2020-08-31 16:00:00,390,-0.0022831385936293,5.212721837719637e-06,0.06974881,0.1013148899999999,0.10374841,0.0596912980169658,2020-09-30,21.0,0.0436608538448889,2020-12-02,65.0,0.0324129957254999,2021-03-03,126.0,0.0100575119830341,0.057654036155111,0.0713354142745,0.0315660799999999,0.00243352,0.0475965241720768,0.013681378119389,0.047596524172076896,0.013681378119389007,0.0612779022914659,2020,Q5 highest
2020-09-30,3362.69,2020-09-30 16:00:00,391,26.15,2020-09-30 16:00:00,749,31.58,2020-09-30 16:00:00,390,32.13,2020-09-30 16:00:00,390,0.0081546330027266,6.649803940915897e-05,0.06838225,0.0997296399999999,0.10323369,0.0423808196058914,2020-10-30,22.0,0.0273551127151311,2021-01-04,65.0,0.0262528030093681,2021-04-05,127.0,0.0260014303941086,0.0723745272848688,0.0769808869906318,0.0313473899999999,0.00350405,0.0463730968907602,0.004606359705763,0.046373096890760204,0.004606359705762994,0.0509794565965232,2020,Q5 highest
2020-10-30,3270.14,2020-10-30 16:00:00,391,37.43,2020-10-30 16:00:00,750,36.77,2020-10-30 16:00:00,390,34.55,2020-10-30 16:00:00,390,-0.0121576871186757,0.0001478093560756,0.14010049,0.13520329,0.1193702499999999,0.0309974265905557,2020-11-30,20.0,0.022288065634803,2021-02-01,62.0,0.0206578634842842,2021-05-03,125.0,0.1091030634094443,0.112915224365197,0.0987123865157157,-0.0048971999999999,-0.01583304,0.0038121609557527,-0.0142028378494812,0.003812160955752708,-0.0142028378494813,-0.010390676893728593,2020,Q5 highest
2020-11-30,3621.82,2020-11-30 16:00:00,391,20.66,2020-11-30 16:00:00,750,24.35,2020-11-30 16:00:00,390,26.01,2020-11-30 16:00:00,390,-0.0045536202494107,2.073545737584383e-05,0.04268356,0.05929225,0.06765201,0.0076044372767444,2020-12-30,21.0,0.0202887879351744,2021-03-03,63.0,0.0185598289574219,2021-06-02,126.0,0.0350791227232555,0.0390034620648256,0.049092181042578,0.01660869,0.0083597599999999,0.00392433934157,0.0100887189777524,0.0039243393415700975,0.010088718977752403,0.0140130583193225,2020,Q4
2020-12-31,3756.07,2020-12-31 16:00:00,391,22.5,2020-12-31 16:00:00,750,25.21,2020-12-31 16:00:00,390,27.22,2020-12-31 16:00:00,390,0.006418196978792,4.1193252458575824e-05,0.050625,0.0635544099999999,0.07409284,0.0295918827557739,2021-02-01,20.0,0.0255826275653624,2021-04-05,63.0,0.0184505419219251,2021-07-06,127.0,0.021033117244226,0.0379717824346375,0.0556422980780748,0.0129294099999999,0.01053843,0.0169386651904114,0.0176705156434372,0.0169386651904115,0.0176705156434373,0.0346091808338488,2020,Q4
2021-01-29,3714.04,2021-01-29 16:00:00,391,32.56,2021-01-29 16:00:00,750,33.49,2021-01-29 16:00:00,390,33.7,2021-01-29 16:00:00,390,-0.01952256955937,0.0003811307222004,0.10601536,0.11215801,0.113569,0.0260231204857534,2021-03-01,20.0,0.0197580721451843,2021-05-03,64.0,0.0163431398518252,2021-08-02,127.0,0.0799922395142466,0.0923999378548156,0.0972258601481748,0.00614265,0.00141099,0.012407698340569,0.0048259222933591,0.012407698340568998,0.004825922293359208,0.017233620633928207,2021,Q5 highest
2021-02-26,3810.84,2021-02-26 16:00:00,391,27.2,2021-02-26 16:00:00,750,29.12,2021-02-26 16:00:00,390,30.64,2021-02-26 16:00:00,390,-0.0048193242834487,2.322588654903881e-05,0.073984,0.08479744,0.09388096,0.0291453042481546,2021-03-29,21.0,0.0193820622252069,2021-06-01,65.0,0.0144179135710221,2021-08-30,128.0,0.0448386957518453,0.065415377774793,0.0794630464289778,0.0108134399999999,0.0090835199999999,0.0205766820229477,0.0140476686541847,0.020576682022947705,0.014047668654184789,0.034624350677132494,2021,Q5 highest
2021-03-31,3973.33,2021-03-31 16:00:00,391,18.91,2021-03-31 16:00:00,749,21.9,2021-03-31 16:00:00,390,24.19,2021-03-31 16:00:00,390,0.0036433770624683,1.3274196419320237e-05,0.0357588099999999,0.0479609999999999,0.05851561,0.0125890914040193,2021-04-30,21.0,0.0125571774064206,2021-07-02,65.0,0.012626623166382,2021-10-01,128.0,0.0231697185959806,0.0354038225935793,0.045888986833618,0.0122021899999999,0.01055461,0.0122341039975987,0.0104851642400386,0.012234103997598698,0.010485164240038702,0.0227192682376374,2021,Q4
2021-04-30,4181.21,2021-04-30 16:00:00,391,18.42,2021-04-30 16:00:00,750,21.93,2021-04-30 16:00:00,390,24.06,2021-04-30 16:00:00,390,-0.0072419446690149,5.244576258907431e-05,0.03392964,0.0480924899999999,0.0578883599999999,0.0179808619280557,2021-06-01,21.0,0.012702241559481,2021-08-02,64.0,0.0125623261904337,2021-11-01,128.0,0.0159487780719443,0.0353902484405189,0.0453260338095662,0.0141628499999999,0.0097958699999999,0.0194414703685746,0.0099357853690472,0.019441470368574597,0.009935785369047302,0.0293772557376219,2021,Q4
2021-05-28,4204.32,2021-05-28 16:00:00,391,16.61,2021-05-28 16:00:00,750,20.34,2021-05-28 16:00:00,390,22.96,2021-05-28 16:00:00,390,0.0009137636272579,8.349639664995383e-07,0.02758921,0.04137156,0.05271616,0.0076384833928925,2021-06-28,20.0,0.0091520889848946,2021-08-30,64.0,0.0116210777321506,2021-11-29,127.0,0.0199507266071074,0.0322194710151053,0.0410950822678493,0.01378235,0.0113445999999999,0.0122687444079979,0.0088756112527439,0.012268744407997897,0.008875611252744005,0.021144355660741902,2021,Q3
2021-06-30,4297.32,2021-06-30 16:00:00,391,15.67,2021-06-30 16:00:00,750,19.44,2021-06-30 16:00:00,390,22.26,2021-06-30 16:00:00,390,0.0012224385326037,1.4943559659942954e-06,0.02455489,0.03779136,0.04955076,0.0133985078519138,2021-07-30,21.0,0.0126328694298466,2021-10-01,65.0,0.0159691066070824,2021-12-31,128.0,0.0111563821480861,0.0251584905701533,0.0335816533929175,0.01323647,0.0117593999999999,0.0140021084220672,0.0084231628227641,0.014002108422067202,0.008423162822764198,0.022425271244831402,2021,Q3
2021-07-30,4395.29,2021-07-30 16:00:00,391,18.0,2021-07-30 16:00:00,750,22.1,2021-07-30 16:00:00,390,24.29,2021-07-30 16:00:00,390,-0.005382176068365,2.8967819230881807e-05,0.0324,0.048841,0.05900041,0.0071994283418527,2021-08-30,21.0,0.0122447500709672,2021-11-01,65.0,0.0194092853018234,2022-01-31,127.0,0.0252005716581472,0.0365962499290327,0.0395911246981765,0.016441,0.01015941,0.0113956782708854,0.0029948747691438,0.011395678270885501,0.002994874769143799,0.0143905530400293,2021,Q4
2021-08-31,4522.57,2021-08-31 16:00:00,391,16.51,2021-08-31 16:00:00,750,20.5,2021-08-31 16:00:00,390,23.56,2021-08-31 16:00:00,390,-0.0013677550072746,1.87075375992497e-06,0.02725801,0.0420249999999999,0.0555073599999999,0.0169051973598546,2021-09-30,21.0,0.0164330415369867,2021-12-02,65.0,0.0267700445594096,2022-03-03,127.0,0.0103528126401453,0.0255919584630132,0.0287373154405903,0.0147669899999999,0.0134823599999999,0.0152391458228679,0.003145356977577,0.015239145822867898,0.003145356977577101,0.018384502800445,2021,Q3
2021-09-30,4307.44,2021-09-30 16:00:00,391,23.54,2021-09-30 16:00:00,751,24.2,2021-09-30 16:00:00,390,26.22,2021-09-30 16:00:00,390,-0.012011317912397,0.0001442717579926,0.0554131599999999,0.058564,0.0687488399999999,0.0131472811331598,2021-11-01,22.0,0.019479411210317,2022-01-03,65.0,0.0320669680558783,2022-04-04,128.0,0.0422658788668401,0.0390845887896829,0.0366818719441216,0.00315084,0.0101848399999999,-0.0031812900771572,-0.0024027168455613,-0.0031812900771572006,-0.0024027168455613007,-0.005584006922718501,2021,Q5 highest
2021-10-29,4605.36,2021-10-29 16:00:00,391,16.3,2021-10-29 16:00:00,751,20.41,2021-10-29 16:00:00,390,23.38,2021-10-29 16:00:00,390,0.0019561566467815,3.8265488267476425e-06,0.026569,0.04165681,0.0546624399999999,0.012312071673193,2021-11-29,20.0,0.026506182455026,2022-01-31,63.0,0.0402655155188257,2022-05-02,126.0,0.0142569283268069,0.0151506275449739,0.0143969244811742,0.01508781,0.0130056299999999,0.0008936992181669,-0.0007537030637996,0.0008936992181669996,-0.0007537030637996996,0.00013999615436730006,2021,Q3
2021-11-30,4566.97,2021-11-30 16:00:00,391,27.35,2021-11-30 16:00:00,751,28.29,2021-11-30 16:00:00,390,29.12,2021-11-30 16:00:00,390,-0.0191177238116099,0.0003654873637369,0.07480225,0.08003241,0.08479744,0.0298807074855292,2021-12-30,21.0,0.0377815796309518,2022-03-03,64.0,0.0534177930699937,2022-06-02,127.0,0.0449215425144707,0.0422508303690481,0.0313796469300062,0.0052301599999999,0.00476503,-0.0026707121454225,-0.0108711834390419,-0.0026707121454225963,-0.0108711834390419,-0.013541895584464496,2021,Q5 highest
2021-12-31,4766.24,2021-12-31 16:00:00,391,17.32,2021-12-31 16:00:00,751,21.91,2021-12-31 16:00:00,390,25.12,2021-12-31 16:00:00,390,-0.0026338274323459,6.937046943377836e-06,0.02999824,0.0480048099999999,0.06310144,0.0351151126257605,2022-01-31,20.0,0.0445088046878035,2022-04-04,64.0,0.0627847030961666,2022-07-05,126.0,-0.0051168726257605,0.0034960053121964,0.0003167369038333,0.0180065699999999,0.01509663,0.0086128779379569,-0.003179268408363,0.0086128779379569,-0.0031792684083631,0.005433609529593799,2021,Q3
2022-01-31,4515.45,2022-01-31 16:00:00,391,24.98,2022-01-31 16:00:00,751,26.93,2022-01-31 16:00:00,390,27.62,2022-01-31 16:00:00,390,0.0186539002315498,0.0003479679938486,0.06240004,0.07252249,0.07628644,0.0514073095809942,2022-03-02,21.0,0.055829174168528,2022-05-04,65.0,0.0633240821664661,2022-08-03,127.0,0.0109927304190057,0.0166933158314719,0.0129623578335338,0.0101224499999999,0.00376395,0.0057005854124661,-0.003730957997938,0.005700585412466198,-0.0037309579979380985,0.001969627414528099,2022,Q5 highest
2022-02-28,4373.39,2022-02-28 16:00:00,391,29.94,2022-02-28 16:00:00,751,29.58,2022-02-28 16:00:00,390,29.84,2022-02-28 16:00:00,390,-0.002564510923077,6.576716274581574e-06,0.08964036,0.08749764,0.0890425599999999,0.0514189158075533,2022-03-30,22.0,0.0684024528385769,2022-06-01,65.0,0.0616221473900616,2022-08-31,128.0,0.0382214441924466,0.019095187161423,0.0274204126099383,-0.00214272,0.0015449199999999,-0.0191262570310236,0.0083252254485153,-0.0191262570310236,0.0083252254485153,-0.010801031582508301,2022,Q5 highest
2022-03-31,4530.5,2022-03-31 16:00:00,391,21.23,2022-03-31 16:00:00,751,24.96,2022-03-31 16:00:00,390,27.15,2022-03-31 16:00:00,390,-0.0157651527105464,0.0002485400399868,0.04507129,0.06230016,0.0737122499999999,0.0607889752683486,2022-05-02,21.0,0.0793995837114329,2022-07-05,64.0,0.0639257573947206,2022-10-03,127.0,-0.0157176852683486,-0.0170994237114329,0.0097864926052793,0.01722887,0.0114120899999999,-0.0013817384430842,0.0268859163167122,-0.0013817384430843023,0.0268859163167122,0.0255041778736279,2022,Q4
2022-04-29,4131.76,2022-04-29 16:00:00,391,33.69,2022-04-29 16:00:00,751,33.47,2022-04-29 16:00:00,390,33.34,2022-04-29 16:00:00,390,-0.03709596842443,0.0013761108733463,0.1135016099999999,0.1120240899999999,0.11115556,0.0937863144018501,2022-05-31,21.0,0.0726277203133934,2022-08-01,63.0,0.0653538700264729,2022-10-31,127.0,0.0197152955981498,0.0393963696866065,0.045801689973527,-0.0014775199999999,-0.0008685299999999,0.0196810740884567,0.0064053202869204,0.0196810740884567,0.0064053202869205,0.0260863943753772,2022,Q5 highest
2022-05-31,4132.47,2022-05-31 16:00:00,391,26.35,2022-05-31 16:00:00,751,28.09,2022-05-31 16:00:00,390,29.89,2022-05-31 16:00:00,390,-0.0062238312340052,3.873607522937884e-05,0.06943225,0.0789048099999999,0.08934121,0.086487518075974,2022-06-30,21.0,0.0532044393865899,2022-09-01,65.0,0.06159068947468,2022-12-01,128.0,-0.017055268075974,0.02570037061341,0.0277505205253199,0.0094725599999999,0.0104364,0.0427556386893841,0.0020501499119099,0.042755638689384,0.0020501499119098994,0.0448057886012939,2022,Q5 highest
2022-06-30,3786.03,2022-06-30 16:00:00,391,28.61,2022-06-30 16:00:00,751,29.59,2022-06-30 16:00:00,390,30.77,2022-06-30 16:00:00,390,-0.008592073876355,7.382373349674322e-05,0.08185321,0.08755681,0.0946792899999999,0.037609328462356,2022-08-01,21.0,0.0471473808446859,2022-10-03,65.0,0.0527889815053097,2023-01-03,128.0,0.0442438815376439,0.040409429155314,0.0418903084946902,0.0057035999999999,0.0071224799999999,-0.0038344523823298,0.0014808793393761,-0.003834452382329899,0.0014808793393761982,-0.002353573042953701,2022,Q5 highest
2022-07-29,4130.44,2022-07-29 16:00:00,391,21.51,2022-07-29 16:00:00,751,23.85,2022-07-29 16:00:00,390,26.22,2022-07-29 16:00:00,390,0.0142079119251892,0.0002018647612739,0.04626801,0.05688225,0.0687488399999999,0.0383513983742964,2022-08-29,21.0,0.0573302264175364,2022-10-31,65.0,0.0514445210299437,2023-01-30,126.0,0.0079166116257035,-0.0004479764175364,0.0173043189700562,0.01061424,0.0118665899999999,-0.0083645880432399,0.0177522953875927,-0.0083645880432399,0.0177522953875926,0.009387707344352701,2022,Q4
2022-08-31,3955.02,2022-08-31 16:00:00,391,25.94,2022-08-31 16:00:00,751,26.71,2022-08-31 16:00:00,390,28.46,2022-08-31 16:00:00,390,-0.007847720727351,6.15867206144959e-05,0.06728836,0.07134241,0.08099716,0.0601551141117962,2022-09-30,21.0,0.0681227599240121,2022-12-02,65.0,0.0492671410570663,2023-03-03,126.0,0.0071332458882038,0.0032196500759878,0.0317300189429336,0.00405405,0.00965475,-0.0039135958122159,0.0285103688669457,-0.003913595812216,0.028510368866945798,0.0245967730547298,2022,Q5 highest
2022-09-30,3586.47,2022-09-30 16:00:00,391,33.25,2022-09-30 16:00:00,751,32.29,2022-09-30 16:00:00,390,32.81,2022-09-30 16:00:00,390,-0.0150102857245559,0.0002253086775328,0.11055625,0.1042644099999999,0.10764961,0.0767208771961878,2022-10-31,21.0,0.0602177662886224,2023-01-03,64.0,0.0443899366799745,2023-04-03,126.0,0.0338353728038121,0.0440466437113775,0.0632596733200255,-0.00629184,0.0033852,0.0102112709075654,0.0192130296086479,0.0102112709075654,0.019213029608647993,0.029424300516213392,2022,Q5 highest
2022-10-31,3872.25,2022-10-31 16:00:00,391,25.93,2022-10-31 16:00:00,751,26.91,2022-10-31 16:00:00,390,28.56,2022-10-31 16:00:00,390,-0.0074074508073004,5.487032746257559e-05,0.0672364899999999,0.07241481,0.0815673599999999,0.073955061544867,2022-11-30,21.0,0.0450192153353648,2023-02-01,63.0,0.0339912964328513,2023-05-03,126.0,-0.006718571544867,0.0273955946646351,0.0475760635671486,0.00517832,0.0091525499999999,0.0341141662095022,0.0201804689025134,0.0341141662095021,0.0201804689025135,0.0542946351120156,2022,Q5 highest
2022-11-30,4079.64,2022-11-30 16:00:00,391,20.59,2022-11-30 16:00:00,751,23.53,2022-11-30 16:00:00,390,26.17,2022-11-30 16:00:00,390,0.0304139245466953,0.000925006806332,0.04239481,0.05536609,0.06848689,0.0326462250129663,2022-12-30,21.0,0.0282572644965157,2023-03-03,63.0,0.024620411729014,2023-06-02,126.0,0.0097485849870336,0.0271088255034842,0.0438664782709859,0.01297128,0.0131208,0.0173602405164505,0.0167576527675016,0.017360240516450597,0.016757652767501702,0.0341178932839523,2022,Q4
2022-12-30,3839.53,2022-12-30 16:00:00,391,21.67,2022-12-30 16:00:00,751,24.3,2022-12-30 16:00:00,390,26.2,2022-12-30 16:00:00,390,-0.0024997834487214,6.248917290501598e-06,0.04695889,0.059049,0.068644,0.0272062060483442,2023-01-30,19.0,0.0276724854419419,2023-04-03,63.0,0.0209389451432462,2023-07-03,125.0,0.0197526839516557,0.031376514558058,0.0477050548567537,0.0120901099999999,0.009595,0.0116238306064022,0.0163285402986956,0.011623830606402298,0.016328540298695703,0.027952370905098,2022,Q4
2023-01-31,4076.7,2023-01-31 16:00:00,391,19.35,2023-01-31 16:00:00,751,20.82,2023-01-31 16:00:00,390,22.32,2023-01-31 16:00:00,390,0.0145284595333752,0.0002110761364129,0.03744225,0.0433472399999999,0.04981824,0.0219317525013568,2023-03-02,21.0,0.0228822894195434,2023-05-04,65.0,0.0175908462165616,2023-08-03,127.0,0.0155104974986431,0.0204649505804565,0.0322273937834383,0.0059049899999999,0.006471,0.0049544530818134,0.0117624432029818,0.004954453081813401,0.011762443202981799,0.0167168962847952,2023,Q4
2023-02-28,3969.69,2023-02-28 16:00:00,391,20.62,2023-02-28 16:00:00,751,21.24,2023-02-28 16:00:00,390,23.0,2023-02-28 16:00:00,390,-0.003184091301364,1.0138437415422066e-05,0.04251844,0.0451137599999999,0.0529,0.0308025390498422,2023-03-30,22.0,0.0208232692131945,2023-06-01,65.0,0.0162369651261129,2023-08-31,128.0,0.0117159009501578,0.0242904907868054,0.036663034873887,0.0025953199999999,0.00778624,0.0125745898366476,0.0123725440870815,0.0125745898366476,0.012372544087081602,0.0249471339237292,2023,Q4
2023-03-31,4108.93,2023-03-31 16:00:00,391,18.82,2023-03-31 16:00:00,751,21.31,2023-03-31 16:00:00,390,23.34,2023-03-31 16:00:00,390,0.0142359183403774,0.0002026613709938,0.03541924,0.0454116099999999,0.05447556,0.0129152323940631,2023-05-01,20.0,0.0139296008205557,2023-07-03,63.0,0.0127806906628917,2023-10-02,126.0,0.0225040076059368,0.0314820091794442,0.0416948693371082,0.0099923699999999,0.00906395,0.0089780015735074,0.010212860157664,0.0089780015735074,0.010212860157663997,0.019190861731171398,2023,Q4
2023-04-28,4169.58,2023-04-28 16:00:00,391,15.79,2023-04-28 16:00:00,751,19.56,2023-04-28 16:00:00,390,22.8,2023-04-28 16:00:00,390,0.0082191616734383,6.75546186141186e-05,0.0249324099999999,0.03825936,0.051984,0.0158707665056484,2023-05-30,21.0,0.0119635595278394,2023-07-31,63.0,0.0139005422024124,2023-10-30,127.0,0.0090616434943515,0.0262958004721605,0.0380834577975875,0.01332695,0.01372464,0.017234156977809,0.011787657325427,0.017234156977809,0.011787657325426998,0.029021814303236,2023,Q3
2023-05-31,4180.13,2023-05-31 16:00:00,391,17.56,2023-05-31 16:00:00,750,20.1,2023-05-31 16:00:00,390,22.48,2023-05-31 16:00:00,390,-0.0060722462067453,3.687217399533387e-05,0.0308353599999999,0.040401,0.05053504,0.0131602389228321,2023-06-30,21.0,0.0115324978575617,2023-09-01,65.0,0.0138680498471778,2023-12-01,128.0,0.0176751210771678,0.0288685021424382,0.0366669901528221,0.00956564,0.0101340399999999,0.0111933810652703,0.0077984880103838,0.011193381065270402,0.007798488010383898,0.0189918690756543,2023,Q3
2023-06-30,4450.16,2023-06-30 16:00:00,391,13.3,2023-06-30 16:00:00,751,15.91,2023-06-30 16:00:00,390,18.26,2023-06-30 16:00:00,390,0.0121199081328939,0.0001468921731497,0.017689,0.0253128099999999,0.03334276,0.0067380674204484,2023-07-31,20.0,0.0114558891023642,2023-10-02,64.0,0.0133762103240798,2024-01-02,127.0,0.0109509325795515,0.0138569208976357,0.0199665496759201,0.0076238099999999,0.00802995,0.0029059883180841,0.0061096287782844,0.0029059883180841996,0.006109628778284401,0.0090156170963686,2023,Q2
2023-07-31,4589.15,2023-07-31 16:00:00,391,13.59,2023-07-31 16:00:00,751,16.01,2023-07-31 16:00:00,390,18.42,2023-07-31 16:00:00,390,0.0015286838307638,2.336874254438979e-06,0.01846881,0.02563201,0.03392964,0.0153165656613182,2023-08-30,22.0,0.0159050399597043,2023-11-01,66.0,0.0141939536807073,2024-01-31,127.0,0.0031522443386817,0.0097269700402956,0.0197356863192926,0.0071632,0.00829763,0.0065747257016139,0.0100087162789969,0.0065747257016139,0.010008716278997002,0.016583441980610902,2023,Q2
2023-08-31,4507.54,2023-08-31 16:00:00,391,13.56,2023-08-31 16:00:00,751,15.9,2023-08-31 16:00:00,390,18.3,2023-08-31 16:00:00,390,-0.0016536367142636,2.734514382760671e-06,0.01838736,0.025281,0.033489,0.012417238665185,2023-10-02,21.0,0.0159037227356765,2023-12-04,65.0,0.0142450465158781,2024-03-04,126.0,0.0059701213348149,0.0093772772643234,0.0192439534841218,0.00689364,0.0082079999999999,0.0034071559295084,0.0098666762197984,0.0034071559295085,0.0098666762197984,0.0132738321493069,2023,Q2
2023-09-29,4288.24,2023-09-29 16:00:00,391,17.74,2023-09-29 16:00:00,751,18.59,2023-09-29 16:00:00,390,20.26,2023-09-29 16:00:00,390,-0.0026758376789396,7.160107284033396e-06,0.0314707599999999,0.03455881,0.04104676,0.0196785431483542,2023-10-30,21.0,0.0150875337408143,2024-01-02,64.0,0.0137195552194657,2024-04-01,125.0,0.0117922168516457,0.0194712762591856,0.0273272047805342,0.00308805,0.0064879499999999,0.0076790594075398,0.0078559285213485,0.0076790594075399,0.007855928521348601,0.015534987928888501,2023,Q3
2023-10-31,4193.77,2023-10-31 16:00:00,391,18.04,2023-10-31 16:00:00,751,19.46,2023-10-31 16:00:00,390,21.31,2023-10-31 16:00:00,390,0.0064565354577411,4.168685011706893e-05,0.03254416,0.03786916,0.0454116099999999,0.0158618915239697,2023-11-30,21.0,0.0130076032994867,2024-02-01,63.0,0.0135579202909837,2024-05-02,126.0,0.0166822684760302,0.0248615567005132,0.0318536897090162,0.0053249999999999,0.0075424499999999,0.008179288224483,0.0069921330085029,0.008179288224482998,0.006992133008502998,0.015171421232985996,2023,Q4
2023-11-30,4567.69,2023-11-30 16:00:00,391,12.87,2023-11-30 16:00:00,751,15.39,2023-11-30 16:00:00,390,17.94,2023-11-30 16:00:00,390,0.0037397242414153,1.3985537401829374e-05,0.0165636899999999,0.02368521,0.03218436,0.009940378336372,2024-01-02,21.0,0.0123374600871228,2024-03-04,63.0,0.0123763353294879,2024-06-03,126.0,0.0066233116636279,0.0113477499128771,0.019808024670512,0.00712152,0.00849915,0.0047244382492492,0.0084602747576348,0.0047244382492491995,0.008460274757634901,0.013184713006884102,2023,Q1 lowest
2023-12-29,4769.89,2023-12-29 16:00:00,391,12.44,2023-12-29 16:00:00,751,15.22,2023-12-29 16:00:00,390,17.52,2023-12-29 16:00:00,390,-0.0028220751756671,7.964108297116582e-06,0.0154753599999999,0.02316484,0.03069504,0.0094803595053548,2024-01-29,19.0,0.0122172361313348,2024-04-01,62.0,0.01159305220859,2024-07-01,125.0,0.0059950004946451,0.0109476038686651,0.0191019877914099,0.00768948,0.0075302,0.00495260337402,0.0081543839227448,0.00495260337402,0.0081543839227448,0.0131069872967648,2023,Q1 lowest
2024-01-31,4845.57,2024-01-31 16:00:00,391,14.6,2024-01-31 16:00:00,750,16.12,2024-01-31 16:00:00,390,17.67,2024-01-31 16:00:00,390,-0.0162472063270447,0.0002639717134335,0.0213159999999999,0.02598544,0.03122289,0.0156922311719125,2024-03-01,21.0,0.0148777065342348,2024-05-03,65.0,0.0139970829034091,2024-08-02,127.0,0.0056237688280874,0.0111077334657651,0.0172258070965908,0.00466944,0.00523745,0.0054839646376776,0.0061180736308257,0.0054839646376777,0.006118073630825701,0.0116020382685034,2024,Q2
2024-02-29,5095.88,2024-02-29 16:00:00,391,13.44,2024-02-29 16:00:00,751,14.96,2024-02-29 16:00:00,390,16.88,2024-02-29 16:00:00,390,0.0051290285562099,2.6306933930417467e-05,0.0180633599999999,0.02238016,0.0284934399999999,0.0094066059538467,2024-04-01,21.0,0.0122902582840207,2024-06-03,65.0,0.0175666330100357,2024-09-03,128.0,0.0086567540461532,0.0100899017159792,0.0109268069899642,0.0043168,0.0061132799999999,0.001433147669826,0.0008369052739849,0.0014331476698259994,0.0008369052739850003,0.0022700529438109997,2024,Q2
2024-03-28,5254.34,2024-03-28 16:00:00,391,13.09,2024-03-28 16:00:00,751,15.23,2024-03-28 16:00:00,390,17.22,2024-03-28 16:00:00,390,0.0010911221263524,1.1905474946158605e-06,0.0171348099999999,0.0231952899999999,0.0296528399999999,0.0157573983385771,2024-04-29,21.0,0.0108233202457783,2024-07-01,64.0,0.0181695273929738,2024-09-30,127.0,0.0013774116614228,0.0123719697542216,0.0114833126070261,0.00606048,0.0064575499999999,0.0109945580927987,-0.0008886571471954,0.0109945580927988,-0.0008886571471954999,0.0101059009456033,2024,Q2
2024-04-30,5035.64,2024-04-30 16:00:00,391,15.87,2024-04-30 16:00:00,751,16.62,2024-04-30 16:00:00,390,18.11,2024-04-30 16:00:00,390,-0.0158615747467524,0.0002515895534468,0.0251856899999999,0.02762244,0.0327972099999999,0.0091158464825858,2024-05-30,21.0,0.0122958512174474,2024-08-01,64.0,0.0170564071070755,2024-10-31,128.0,0.0160698435174141,0.0153265887825525,0.0157408028929244,0.00243675,0.0051747699999999,-0.0007432547348616,0.0004142141103718,-0.0007432547348616009,0.0004142141103718987,-0.0003290406244897022,2024,Q3
2024-05-31,5277.8,2024-05-31 16:00:00,391,13.03,2024-05-31 16:00:00,751,14.72,2024-05-31 16:00:00,390,16.67,2024-05-31 16:00:00,390,0.0080508135582359,6.481559894947579e-05,0.01697809,0.02166784,0.02778889,0.0045310128040763,2024-07-01,20.0,0.0226554323500676,2024-09-03,64.0,0.0180396780289419,2024-12-02,127.0,0.0124470771959236,-0.0009875923500676,0.009749211971058,0.0046897499999999,0.00612105,-0.0134346695459912,0.0107368043211256,-0.0134346695459912,0.010736804321125601,-0.002697865224865599,2024,Q2
2024-06-28,5460.71,2024-06-28 16:00:00,391,12.44,2024-06-28 16:00:00,751,14.5,2024-06-28 16:00:00,390,16.96,2024-06-28 16:00:00,390,-0.0040608116740554,1.6490191452144692e-05,0.0154753599999999,0.021025,0.02876416,0.018709290359825,2024-07-29,20.0,0.0252591066540361,2024-09-30,64.0,0.0206055499141819,2024-12-30,127.0,-0.003233930359825,-0.0042341066540361,0.008158610085818,0.00554964,0.00773916,-0.001000176294211,0.0123927167398541,-0.0010001762942111001,0.0123927167398541,0.011392540445643001,2024,Q1 lowest
2024-07-31,5522.28,2024-07-31 16:00:00,391,16.38,2024-07-31 16:00:00,750,16.98,2024-07-31 16:00:00,390,18.49,2024-07-31 16:00:00,390,0.015668223046723,0.0002454932134418,0.02683044,0.02883204,0.0341880099999999,0.0365450319280149,2024-08-30,22.0,0.0219476592825936,2024-11-01,66.0,0.0203395803946584,2025-01-31,126.0,-0.0097145919280149,0.0068843807174063,0.0138484296053415,0.0020016,0.0053559699999999,0.0165989726454212,0.0069640488879352,0.0165989726454212,0.0069640488879352,0.023563021533356397,2024,Q3
2024-08-30,5648.21,2024-08-30 16:00:00,391,15.0,2024-08-30 16:00:00,761,17.51,2024-08-30 16:00:00,390,18.92,2024-08-30 16:00:00,390,0.0100016758713404,0.0001000335202353,0.0225,0.03066001,0.03579664,0.0185148676638094,2024-09-30,20.0,0.0149356050576942,2024-12-02,64.0,0.0173915034536768,2025-03-03,124.0,0.0039851323361905,0.0157244049423057,0.0184051365463231,0.00816001,0.00513663,0.0117392726061152,0.0026807316040173,0.0117392726061152,0.0026807316040174008,0.0144200042101326,2024,Q2
2024-09-30,5762.4,2024-09-30 16:00:00,391,16.73,2024-09-30 16:00:00,761,19.21,2024-09-30 16:00:00,390,20.61,2024-09-30 16:00:00,390,0.0042224240423434,1.782886479336008e-05,0.02798929,0.03690241,0.04247721,0.00820369726325,2024-10-30,22.0,0.0154797540532405,2025-01-02,65.0,0.0207851308685807,2025-04-02,126.0,0.0197855927367499,0.0214226559467595,0.0216920791314193,0.00891312,0.0055747999999999,0.0016370632100096,0.0002694231846597,0.001637063210009601,0.00026942318465979914,0.0019064863946694002,2024,Q3
2024-10-31,5705.37,2024-10-31 16:00:00,391,23.02,2024-10-31 16:00:00,761,22.61,2024-10-31 16:00:00,390,24.98,2024-10-31 16:00:00,390,-0.0188472055510673,0.0003552171570841,0.05299204,0.05112121,0.06240004,0.0150278717637868,2024-12-02,21.0,0.0182761332829139,2025-02-03,62.0,0.0574111364325204,2025-05-05,125.0,0.0379641682362131,0.032845076717086,0.0049889035674795,-0.0018708299999999,0.0112788299999999,-0.0051190915191271,-0.0278561731496064,-0.005119091519127095,-0.027856173149606502,-0.0329752646687336,2024,Q5 highest
2024-11-29,6032.38,2024-11-29 13:39:00,232,13.51,2024-11-29 13:15:00,596,16.26,2024-11-29 13:15:00,225,18.15,2024-11-29 13:15:00,225,0.0055771758558025,3.110489052654636e-05,0.01825201,0.02643876,0.03294225,0.0208121799590733,2024-12-30,20.0,0.0197077157527607,2025-03-03,61.0,0.0595270268779373,2025-06-02,124.0,-0.0025601699590733,0.0067310442472392,-0.0265847768779373,0.00818675,0.0065034899999999,0.0092912142063126,-0.0333158211251766,0.0092912142063125,-0.033315821125176504,-0.024024606918864,2024,Q2
2024-12-31,5881.79,2024-12-31 16:00:00,391,17.42,2024-12-31 16:00:00,760,19.02,2024-12-31 16:00:00,390,20.6,2024-12-31 16:00:00,390,-0.0042651005554983,1.819108274851236e-05,0.03034564,0.03617604,0.042436,0.0198477933283922,2025-01-30,19.0,0.0354494658883487,2025-04-03,63.0,0.0575666011315893,2025-07-03,125.0,0.0104978466716077,0.0007265741116512,-0.0151306011315893,0.0058303999999999,0.00625996,-0.0097712725599565,-0.0158571752432405,-0.0097712725599565,-0.015857175243240502,-0.025628447803197,2024,Q3
2025-01-31,6040.46,2025-01-31 16:00:00,391,16.64,2025-01-31 16:00:00,761,18.46,2025-01-31 16:00:00,390,19.81,2025-01-31 16:00:00,390,-0.0050728168732983,2.573347103002053e-05,0.02768896,0.03407716,0.03924361,0.0198875000472648,2025-03-03,20.0,0.0946545163032395,2025-05-05,64.0,0.0555707477047079,2025-08-04,126.0,0.0078014599527351,-0.0605773563032395,-0.0163271377047079,0.0063882,0.0051664499999999,-0.0683788162559747,0.0442502185985315,-0.0683788162559746,0.0442502185985316,-0.024128597657443,2025,Q3
2025-02-28,5954.41,2025-02-28 16:00:00,391,19.36,2025-02-28 16:00:00,761,20.07,2025-02-28 16:00:00,390,21.07,2025-02-28 16:00:00,390,0.0156958695713333,0.0002463603216003,0.03748096,0.0402804899999999,0.04439449,0.0427204987236897,2025-03-31,21.0,0.0977886251335142,2025-06-02,64.0,0.0540425929167956,2025-09-02,127.0,-0.0052395387236897,-0.0575081351335142,-0.0096481029167956,0.0027995299999999,0.004114,-0.0522685964098244,0.0478600322167186,-0.0522685964098245,0.0478600322167186,-0.0044085641931058996,2025,Q4
2025-03-31,5611.91,2025-03-31 16:00:00,391,22.18,2025-03-31 16:00:00,761,21.92,2025-03-31 16:00:00,390,22.42,2025-03-31 16:00:00,390,0.0055321122499461,3.060426594600394e-05,0.04919524,0.04804864,0.05026564,0.2270600684767852,2025-04-30,21.0,0.0871759045662271,2025-07-02,64.0,0.047813618556592,2025-10-01,127.0,-0.1778648284767852,-0.0391272645662271,0.0024520214434079,-0.0011465999999999,0.002217,0.138737563910558,0.0415792860096351,0.13873756391055808,0.041579286009635,0.1803168499201931,2025,Q4
2025-04-30,5568.92,2025-04-30 16:00:00,391,24.92,2025-04-30 16:00:00,760,25.71,2025-04-30 16:00:00,390,26.14,2025-04-30 16:00:00,390,0.0014699463367086,2.160742232803073e-06,0.06210064,0.06610041,0.06832996,0.0280381519015752,2025-05-30,21.0,0.0150647094382965,2025-08-01,64.0,0.013432961870127,2025-10-31,128.0,0.0340624880984247,0.0510357005617034,0.0548969981298729,0.0039997699999999,0.00222955,0.0169732124632787,0.0038612975681695,0.0169732124632787,0.003861297568169497,0.0208345100314482,2025,Q5 highest
2025-05-30,5911.62,2025-05-30 16:00:00,391,18.68,2025-05-30 16:00:00,761,21.41,2025-05-30 16:00:00,390,22.71,2025-05-30 16:00:00,390,-9.81070416270648e-05,9.624991616814624e-09,0.03489424,0.04583881,0.05157441,0.0108128132419891,2025-06-30,20.0,0.009519003113906,2025-09-02,64.0,0.0123336327002669,2025-12-01,127.0,0.0240814267580108,0.0363198068860939,0.039240777299733,0.01094457,0.0057355999999999,0.012238380128083,0.002920970413639,0.012238380128083103,0.002920970413639097,0.0151593505417222,2025,Q4
2025-06-30,6204.94,2025-06-30 16:00:00,391,16.65,2025-06-30 16:00:00,761,19.36,2025-06-30 16:00:00,390,21.23,2025-06-30 16:00:00,390,0.0051494659359137,2.651699942513592e-05,0.0277222499999999,0.03748096,0.04507129,0.004283996328232,2025-07-30,21.0,0.0076770871369513,2025-10-01,65.0,0.0117718741516013,2025-12-31,128.0,0.0234382536717679,0.0298038728630486,0.0332994158483986,0.00975871,0.00759033,0.0063656191912806,0.0034955429853499,0.006365619191280699,0.0034955429853500003,0.0098611621766307,2025,Q3
2025-07-03,6279.35,2025-07-03 13:43:00,232,16.38,2025-07-03 13:15:00,596,19.21,2025-07-03 13:15:00,225,21.02,2025-07-03 13:15:00,225,0.008305955916101,6.898890368021388e-05,0.02683044,0.03690241,0.04418404,0.0090324751087409,2025-08-04,21.0,0.0073711383216346,2025-10-06,65.0,0.0117678636523936,2026-01-05,127.0,0.0177979648912591,0.0295312716783653,0.0324161763476063,0.01007197,0.0072816299999999,0.0117333067871062,0.0028849046692409,0.011733306787106199,0.0028849046692410035,0.014618211456347202,2025,Q3
